{
  "word": "中",
  "radical": "|",
  "strokeNum": 4,
  "strokeMsg": "竖折横竖",
  "wordStructure": "单一结构",
  "wordCategory": "象形字",
  "wordStrokeAsset": {
    "label": "CharacterCard2Stroke",
    "orderNumber": 1,
    "relationType": "ASSOCIATE",
    "tags": [
      "字卡到描红素材的关系"
    ],
    "target": {
      "title": "中.stroke",
      "format": "document/json",
      "location": "${ref-path}/dev_content_edu_product/esp/assets/24cfc5eb-b4bd-4c52-8a07-b3c7d766911d.pkg/中.stroke"
    }
  },
  "wordCategoryAsset": {
    "label": "Characters2Flash",
    "orderNumber": 1,
    "relationType": "ASSOCIATE",
    "tags": [
      "字卡到字形动画的关系"
    ],
    "target": {
      "title": "字形汉字中演示动画",
      "format": "video/swf",
      "location": "${ref-path}/dev_content_edu_product/esp/assets/24cfc5eb-b4bd-4c52-8a07-b3c7d766911d.pkg/中.swf"
    }
  },
  "spellAssets": [
    {
      "spellSeq": "Z",
      "spellSyl": "zh",
      "spellSzl": "ong",
      "spellTone": "阴平",
      "label": "Characters2Spellwords",
      "orderNumber": 1,
      "relationType": "ASSOCIATE",
      "tags": [
        "字卡到拼音的关系"
      ],
      "target": {
        "title": "zhōng",
        "format": "text/content",
        "location": ""
      },
      "dubbingAsset": {
        "label": "Spell2Audio",
        "orderNumber": 1,
        "relationType": "ASSOCIATE",
        "tags": [
          "拼音到拼音读音的关系"
        ],
        "target": {
          "title": "zhōng.mp3",
          "format": "mp3",
          "location": "${ref-path}/dev_content_edu_product/esp/assets/24cfc5eb-b4bd-4c52-8a07-b3c7d766911d.pkg/zhōng.mp3"
        }
      },
      "spellImgAssets": [
        {
          "label": "Characters2Image",
          "orderNumber": 1,
          "relationType": "ASSOCIATE",
          "tags": [
            "字卡到拼音图片的关系"
          ],
          "target": {
            "title": "中_zhōng_200*200.jpg",
            "format": "image/jpg",
            "location": "${ref-path}/dev_content_edu_product/esp/assets/24cfc5eb-b4bd-4c52-8a07-b3c7d766911d.pkg/中_zhōng_200*200.jpg"
          }
        },
        {
          "label": "Characters2Image",
          "orderNumber": 2,
          "relationType": "ASSOCIATE",
          "tags": [
            "字卡到拼音图片的关系"
          ],
          "target": {
            "title": "中_zhōng_500*500.jpg",
            "format": "image/jpg",
            "location": "${ref-path}/dev_content_edu_product/esp/assets/24cfc5eb-b4bd-4c52-8a07-b3c7d766911d.pkg/中_zhōng_500*500.jpg"
          }
        }
      ],
      "spellChapterAssets": [
        {
          "label": "Characters2Chapter",
          "orderNumber": 1,
          "relationType": "ASSOCIATE",
          "tags": [
            "字卡到章节的关系"
          ],
          "target": {
            "title": "章节1",
            "format": "text/content",
            "location": ""
          }
        },
        {
          "label": "Characters2Chapter",
          "orderNumber": 2,
          "relationType": "ASSOCIATE",
          "tags": [
            "字卡到章节的关系"
          ],
          "target": {
            "title": "章节2",
            "format": "text/content",
            "location": ""
          }
        }
      ],
      "spellAphorismAssets": [
        {
          "label": "Characters2Aphorisms",
          "orderNumber": 1,
          "relationType": "ASSOCIATE",
          "tags": [
            "字卡到警句素材的关系"
          ],
          "target": {
            "title": "警句1",
            "format": "text/content",
            "location": ""
          }
        },
        {
          "label": "Characters2Aphorisms",
          "orderNumber": 2,
          "relationType": "ASSOCIATE",
          "tags": [
            "字卡到警句素材的关系"
          ],
          "target": {
            "title": "警句2",
            "format": "text/content",
            "location": ""
          }
        }
      ],
      "spellIdiomAssets": [
        {
          "label": "Characters2Idioms",
          "orderNumber": 1,
          "relationType": "ASSOCIATE",
          "tags": [
            "字卡到成语的关系"
          ],
          "target": {
            "title": "成语1",
            "format": "text/content",
            "location": ""
          },
          "wordEntrywordAsset": [
            {
              "label": "Idioms2Entrywords",
              "orderNumber": 1,
              "relationType": "ASSOCIATE",
              "tags": [
                "成语到例句的关系"
              ],
              "target": {
                "title": "成语例句1",
                "format": "text/content",
                "location": ""
              }
            },
            {
              "label": "Idioms2Entrywords",
              "orderNumber": 2,
              "relationType": "ASSOCIATE",
              "tags": [
                "成语到例句的关系"
              ],
              "target": {
                "title": "成语例句2",
                "format": "text/content",
                "location": ""
              }
            }
          ]
        }
      ],
      "spellEntrywordAssets": [
        {
          "label": "Characters2Entrywords",
          "orderNumber": 1,
          "relationType": "ASSOCIATE",
          "tags": [
            "字卡到字义的关系"
          ],
          "target": {
            "title": "字义1",
            "format": "text/content",
            "location": ""
          }
        },
        {
          "label": "Characters2Entrywords",
          "orderNumber": 2,
          "relationType": "ASSOCIATE",
          "tags": [
            "字卡到字义的关系"
          ],
          "target": {
            "title": "字义2",
            "format": "text/content",
            "location": ""
          }
        }
      ],
      "spellWordStoneAssets": [
        {
          "label": "文中义",
          "orderNumber": 1,
          "relationType": "ASSOCIATE",
          "wordClass": "名词",
          "tags": [
            "字卡到组词的关系"
          ],
          "target": {
            "title": "中国",
            "format": "text/content",
            "location": ""
          },
          "wordSynonymAsset": [
            {
              "label": "WordSynonym",
              "orderNumber": 1,
              "relationType": "ASSOCIATE",
              "tags": [
                "组词到近义词的关系"
              ],
              "target": {
                "title": "俄罗斯",
                "format": "text/content",
                "location": ""
              }
            },
            {
              "label": "WordSynonym",
              "orderNumber": 2,
              "relationType": "ASSOCIATE",
              "tags": [
                "组词到近义词的关系"
              ],
              "target": {
                "title": "巴铁",
                "format": "text/content",
                "location": ""
              }
            }
          ],
          "wordAntonymyAsset": [
            {
              "label": "WordAntonymy",
              "orderNumber": 1,
              "relationType": "ASSOCIATE",
              "tags": [
                "组词到反义词的关系"
              ],
              "target": {
                "title": "美国",
                "format": "text/content",
                "location": ""
              }
            },
            {
              "label": "WordAntonymy",
              "orderNumber": 2,
              "relationType": "ASSOCIATE",
              "tags": [
                "组词到反义词的关系"
              ],
              "target": {
                "title": "日本",
                "format": "text/content",
                "location": ""
              }
            }
          ],
          "wordEntrywordAsset": [
            {
              "label": "Word2Entryword",
              "orderNumber": 1,
              "relationType": "ASSOCIATE",
              "tags": [
                "组词到例句的关系"
              ],
              "target": {
                "title": "组词例句1",
                "format": "text/content",
                "location": ""
              }
            },
            {
              "label": "Word2Entryword",
              "orderNumber": 2,
              "relationType": "ASSOCIATE",
              "tags": [
                "组词到例句的关系"
              ],
              "target": {
                "title": "组词例句2",
                "format": "text/content",
                "location": ""
              }
            }
          ]
        }
      ]
    }
  ]
}