<?xml version='1.0' encoding='UTF-8' ?>
<page layout="pixels" name="Page 1" isReportable="true" scoring="percentage"
      style="background-color:#f4f5f9">
    <addons>
    	<addon-descriptor addonId="Background"/>
		<addon-descriptor addonId="MarkPoint"/>
		<addon-descriptor addonId="GameQuestionTimer" />
		<addon-descriptor addonId="GameQuestionSubmit"/>  
	</addons>
    <modules>
    	<module editorId="Background" id="Background" presenterId="Background" left="0" top="0" width="1280" height="800" right="0" bottom="0">
	    	<properties>
	    	</properties>
    	</module>
    	<module editorId="GameQuestionTimer" id="GameQuestionTimer" presenterId="GameQuestionTimer" left="0" top="0" width="500" height="91.34" right="0" bottom="0">    		
	    	<properties>
	    		<property name="type" type="string" value="sequence"></property>	    		
	    		<property name="minute" type="number" value="0"></property>
	    		<property name="second" type="number" value="0"></property>
	    	</properties>
    	</module>   
    	<module editorId="GameQuestionSubmit" id="GameQuestionSubmit" presenterId="GameQuestionSubmit" left="1104" top="0" width="180" height="91.34" right="0" bottom="0">    		
	    	<properties>
	    		<property name="text" type="string" value="提  交"></property>
	    		<property name="reset" type="string" value="重新作答"></property>
	    	</properties>	    	
    	</module>     	    	 
		<module editorId="MarkPoint" id="MarkPoint" presenterId="MarkPoint" left="12.8" top="95" width="1254" height="700" right="0" bottom="0" 
            isVisible="true" isLocked="false">			 
			<properties>
                <property name="title" type="string" value="请填入正确的标点符号。" />
                <property name="default_title" type="string" value="请填入正确的标点符号。" />
                <property name="confuse_answer" type="string" value="" />
                <property name="content" type="string" value="" />
			</properties>
		</module>
	</modules>
</page>
	 
