{
  "linkup":[
    {
      "code":"wood",
      "name":"木纹",
      "package_url":"${ref-path}/edu/esp/preparecustomeditor/linkup/wood",
      "css_url":"${ref-path}/edu/esp/preparecustomeditor/linkup/wood/css/wood.css"
    }
  ],
  "linkup2":[
    {
      "code":"wood",
      "name":"木纹",
      "package_url":"${ref-path}/edu/esp/preparecustomeditor/linkup/wood",
      "css_url":"${ref-path}/edu/esp/preparecustomeditor/linkup/wood/css/wood.css"
    }
  ],
  "order":[
    {
      "code":"wood",
      "name":"木纹",
      "package_url":"${ref-path}/edu/esp/preparecustomeditor/order/wood",
      "css_url":"${ref-path}/edu/esp/preparecustomeditor/order/wood/css/wood.css"
    }
  ],
  "table":[
    {
      "code":"wood",
      "name":"木纹",
      "package_url":"${ref-path}/edu/esp/preparecustomeditor/table/wood",
      "css_url":"${ref-path}/edu/esp/preparecustomeditor/table/wood/css/wood.css"
    }
  ],
  "wordpuzzle":[
    {
      "code":"wood",
      "name":"木纹",
      "package_url":"${ref-path}/edu/esp/preparecustomeditor/wordpuzzle/wood",
      "css_url":"${ref-path}/edu/esp/preparecustomeditor/wordpuzzle/wood/css/wood.css"
    }
  ],
  "textselect":[
    {
      "code":"wood",
      "name":"木纹",
      "package_url":"${ref-path}/edu/esp/preparecustomeditor/textselect/wood",
      "css_url":"${ref-path}/edu/esp/preparecustomeditor/textselect/wood/css/wood.css"
    }
  ],
  "memorycard":[
    {
      "code":"wood",
      "name":"木纹",
      "package_url":"${ref-path}/edu/esp/preparecustomeditor/memorycard/wood",
      "css_url":"${ref-path}/edu/esp/preparecustomeditor/memorycard/wood/css/wood.css"
    }
  ],
  "count":[
    {
      "code":"wood",
      "name":"木纹",
      "package_url":"${ref-path}/edu/esp/preparecustomeditor/arithmetic/wood",
      "css_url":"${ref-path}/edu/esp/preparecustomeditor/arithmetic/wood/css/wood.css"
    },
    {
      "code":"sky",
      "name":"天空",
      "package_url":"${ref-path}/edu/esp/preparecustomeditor/arithmetic/sky",
      "css_url":"${ref-path}/edu/esp/preparecustomeditor/arithmetic/sky/css/sky.css"
    }
  ],
  "arithmetic":[
    {
      "code":"wood",
      "name":"木纹",
      "package_url":"${ref-path}/edu/esp/preparecustomeditor/arithmetic/wood",
      "css_url":"${ref-path}/edu/esp/preparecustomeditor/arithmetic/wood/css/wood.css"
    }
  ],
  "compare":[
    {
      "code":"wood",
      "name":"木纹",
      "package_url":"${ref-path}/edu/esp/preparecustomeditor/compare/wood",
      "css_url":"${ref-path}/edu/esp/preparecustomeditor/compare/wood/css/wood.css"
    }
  ],
  "magicbox":[
    {
      "code":"wood",
      "name":"木纹",
      "package_url":"${ref-path}/edu/esp/preparecustomeditor/magicbox/wood",
      "css_url":"${ref-path}/edu/esp/preparecustomeditor/magicbox/wood/css/wood.css"
    }
   ],
     "guessword":[
    {
      "code":"wood",
      "name":"木纹",
      "package_url":"${ref-path}/edu/esp/preparecustomeditor/guessword/wood",
      "css_url":"${ref-path}/edu/esp/preparecustomeditor/guessword/wood/css/wood.css"
    }
  ],
  "rationalnumbercalc":[
    {
      "code":"wood",
      "name":"木纹",
      "package_url":"${ref-path}/edu/esp/preparecustomeditor/rationalnumbercalc/wood",
      "css_url":"${ref-path}/edu/esp/preparecustomeditor/rationalnumbercalc/wood/css/wood.css"
    }
  ],
  "pointsequencing":[
    {
      "code":"wood",
      "name":"木纹",
      "package_url":"${ref-path}/edu/esp/preparecustomeditor/pointsequencing/wood",
      "css_url":"${ref-path}/edu/esp/preparecustomeditor/pointsequencing/wood/css/wood.css"
    }
  ],
  "sequencefill":[
    {
      "code":"wood",
      "name":"木纹",
      "package_url":"${ref-path}/edu/esp/preparecustomeditor/sequencefill/wood",
      "css_url":"${ref-path}/edu/esp/preparecustomeditor/sequencefill/wood/css/wood.css"
    }
  ],
  "classified":[
    {
      "code":"wood",
      "name":"木纹",
      "package_url":"${ref-path}/edu/esp/preparecustomeditor/classified/wood",
      "css_url":"${ref-path}/edu/esp/preparecustomeditor/classified/wood/css/wood.css"
    }
  ],
   "fraction":[
    {
      "code":"wood",
      "name":"木纹",
      "package_url":"${ref-path}/edu/esp/preparecustomeditor/fraction/wood",
      "css_url":"${ref-path}/edu/esp/preparecustomeditor/fraction/wood/css/wood.css"
    }
  ],
  "fillblank":[
    {
      "code":"wood",
      "name":"木纹",
      "package_url":"${ref-path}/edu/esp/preparecustomeditor/fillblank/wood",
      "css_url":"${ref-path}/edu/esp/preparecustomeditor/fillblank/wood/css/wood.css"
    }
  ],
  "imagemark":[
    {
      "code":"wood",
      "name":"木纹",
      "package_url":"${ref-path}/edu/esp/preparecustomeditor/imagemark/wood",
      "css_url":"${ref-path}/edu/esp/preparecustomeditor/imagemark/wood/css/wood.css"
    }
  ],
  "highlightmark":[
    {
      "code":"wood",
      "name":"木纹",
      "package_url":"${ref-path}/edu/esp/preparecustomeditor/highlightmark/wood",
      "css_url":"${ref-path}/edu/esp/preparecustomeditor/highlightmark/wood/css/wood.css"
    }
  ],
  "probabilitycard":[
    {
      "code":"wood",
      "name":"木纹",
      "package_url":"${ref-path}/edu/esp/preparecustomeditor/probabilitycard/wood",
      "css_url":"${ref-path}/edu/esp/preparecustomeditor/probabilitycard/wood/css/wood.css"
    }
  ],
  "spellpoem":[
    {
      "code":"wood",
      "name":"木纹",
      "package_url":"${ref-path}/edu/esp/preparecustomeditor/spellpoem/wood",
      "css_url":"${ref-path}/edu/esp/preparecustomeditor/spellpoem/wood/css/wood.css"
    }
  ],
  "catchball":[
    {
      "code":"wood",
      "name":"木纹",
      "package_url":"${ref-path}/edu/esp/preparecustomeditor/catchball/wood",
      "css_url":"${ref-path}/edu/esp/preparecustomeditor/catchball/wood/css/wood.css"
    }
  ],
  "balance":[{"code":"wood","name":"木纹","package_url":"","css_url":""}],
  "WordPronounce":[{"code":"wood","name":"木纹","package_url":"","css_url":""}],
  "speechevaluating":[{"code":"wood","name":"木纹","package_url":"","css_url":""}],
  "wordcard":[{"code":"wood","name":"木纹","package_url":"","css_url":""}],
  "lego":[{"code":"wood","name":"木纹","package_url":"","css_url":""}],
  "clock":[{"code":"wood","name":"木纹","package_url":"","css_url":""}],
  "planting":[{"code":"wood","name":"木纹","package_url":"","css_url":""}],
  "puzzle":[{"code":"wood","name":"木纹","package_url":"","css_url":""}],
    "mathaxis":[{"code":"wood","name":"木纹","package_url":"","css_url":""}],
  "comicdialogue":[{"code":"wood","name":"木纹","package_url":"","css_url":""}],
  "intervalproblem":[{"code":"wood","name":"木纹","package_url":"","css_url":""}],
  "$template":[]
}
