{
  "version": "v0.1",
  "targets": [
    {
      "name": "default",
      "adds": [
        {
          "type": "file",
          "src": "${ref-path}/dev_content_edu_product/esp/questions/866bd757-1195-4e8c-8e79-49f8c4c0b51e.pkg/item.xml"
        }
      ],
      "groups": [
        {
          "name": "main.xml",
          "adds": [
            {
              "type": "file",
              "src": "${ref-path}/dev_content_edu_product/esp/questions/866bd757-1195-4e8c-8e79-49f8c4c0b51e.pkg/item.xml"
            }
          ]
        }
      ]
    }
  ]
}